date,action,price,qty,pnl
2025-04-25 11:30:00,SELL,62.83,1,879.9999999999955
2025-04-27 19:30:00,BUY,63.41,1,-219.99999999999886
2025-04-28 09:30:00,SELL,63.06,1,330.0000000000054
2025-04-28 20:00:00,SELL,62.01,1,189.99999999999773
2025-04-29 04:00:00,SELL,61.18,1,-289.99999999999915
2025-04-29 05:00:00,SELL,60.92,1,-629.9999999999955
2025-04-29 10:30:00,SELL,60.53,1,-710.0000000000009
2025-05-01 09:00:00,SELL,57.68,1,579.9999999999983
2025-05-01 21:00:00,BUY,59.48,1,-979.9999999999968
2025-05-02 03:00:00,BUY,59.34,1,229.99999999999687
2025-05-02 09:00:00,SELL,59.2,1,320.0000000000003
2025-05-05 03:00:00,SELL,56.6,1,590.0000000000034
2025-05-05 10:30:00,BUY,56.78,1,570.0000000000002
2025-05-06 02:30:00,BUY,58.21,1,-280.00000000000114
2025-05-06 05:00:00,BUY,58.59,1,-360.00000000000654
2025-05-06 09:30:00,BUY,59.18,1,-929.9999999999998
2025-05-06 15:00:00,BUY,59.01,1,310.0000000000023
2025-05-07 05:30:00,BUY,59.55,1,470.00000000000597
2025-05-07 21:30:00,SELL,58.38,1,230.00000000000398
2025-05-08 02:30:00,BUY,58.23,1,280.00000000000114
2025-05-08 12:00:00,BUY,59.95,1,-400.0000000000057
2025-05-08 16:30:00,BUY,60.18,1,-490.000000000002
2025-05-08 22:00:00,BUY,59.97,1,230.00000000000398
2025-05-09 09:30:00,BUY,60.32,1,560.0000000000023
2025-05-12 01:00:00,BUY,61.47,1,-339.9999999999963
2025-05-12 05:30:00,BUY,63.04,1,-719.9999999999989
2025-05-12 11:00:00,BUY,62.44,1,910.0000000000036
2025-05-13 01:30:00,SELL,61.92,1,-119.99999999999744
2025-05-13 08:00:00,BUY,62.7,1,-210.00000000000085
2025-05-13 10:30:00,BUY,63.12,1,-549.9999999999972
2025-05-13 12:00:00,BUY,63.67,1,-710.0000000000009
2025-05-13 20:30:00,BUY,63.48,1,210.00000000000085
2025-05-14 03:30:00,SELL,63.5,1,189.99999999999773
2025-05-15 02:00:00,SELL,61.37,1,-390.00000000000057
2025-05-15 03:00:00,SELL,61.06,1,-640.0000000000006
2025-05-15 05:00:00,SELL,60.63,1,-570.0000000000002
2025-05-15 09:00:00,SELL,61.4,1,509.999999999998
2025-05-18 18:30:00,BUY,61.78,1,710.0000000000009
2025-05-19 06:30:00,SELL,61.08,1,-550.0000000000043
2025-05-19 08:30:00,SELL,61.7,1,410.0000000000037
2025-05-19 14:00:00,BUY,61.74,1,519.999999999996
2025-05-20 06:30:00,SELL,62.05,1,-70.00000000000028
2025-05-21 02:30:00,BUY,62.74,1,269.999999999996
2025-05-21 16:00:00,SELL,61.32,1,-630.0000000000025
2025-05-22 03:00:00,BUY,60.57,1,869.9999999999975
2025-05-22 07:00:00,SELL,60.29,1,-679.9999999999998
2025-05-22 10:30:00,SELL,61.03,1,570.0000000000002
2025-05-23 08:00:00,BUY,60.44,1,830.0000000000055
2025-05-26 22:00:00,BUY,61.37,1,-29.99999999999403
2025-05-27 16:00:00,SELL,60.99,1,280.00000000000114
2025-05-28 02:00:00,BUY,61.12,1,70.00000000000028
2025-05-28 12:00:00,BUY,62.33,1,-530.0000000000011
2025-05-28 15:00:00,BUY,61.59,1,599.9999999999943
2025-05-29 01:30:00,BUY,62.86,1,-359.99999999999943
2025-05-29 04:30:00,BUY,62.58,1,260.0000000000051
2025-05-29 09:00:00,SELL,61.64,1,-500.0
2025-05-29 21:30:00,SELL,60.63,1,-339.9999999999963
2025-05-30 03:30:00,SELL,60.91,1,179.99999999999972
2025-05-30 08:30:00,BUY,60.43,1,530.0000000000011
2025-06-02 05:00:00,BUY,62.87,1,-429.9999999999997
2025-06-02 07:00:00,BUY,63.39,1,-420.0000000000017
2025-06-02 10:00:00,BUY,62.66,1,770.0000000000032
2025-06-03 16:00:00,BUY,63.33,1,320.0000000000003
2025-06-04 08:30:00,BUY,63.19,1,200.00000000000284
2025-06-05 07:00:00,BUY,63.18,1,-289.99999999999915
2025-06-05 13:00:00,BUY,63.27,1,349.9999999999943
2025-06-06 06:00:00,SELL,63.2,1,250.0
2025-06-06 15:00:00,BUY,64.74,1,-299.99999999999716
2025-06-08 20:30:00,BUY,64.54,1,199.99999999998863
2025-06-09 05:00:00,SELL,64.64,1,209.99999999999375
2025-06-09 10:00:00,BUY,64.5,1,420.0000000000017
2025-06-10 01:30:00,BUY,65.31,1,90.00000000000341
2025-06-10 13:00:00,BUY,65.37,1,439.9999999999977
2025-06-10 23:30:00,SELL,64.88,1,-30.000000000001137
2025-06-11 06:00:00,BUY,65.67,1,-540.0000000000063
2025-06-11 13:30:00,BUY,66.91,1,-659.9999999999966
2025-06-11 22:30:00,BUY,67.88,1,430.0000000000068
2025-06-12 06:00:00,SELL,67.16,1,-400.0000000000057
2025-06-12 10:00:00,SELL,67.49,1,429.9999999999926
2025-06-12 17:00:00,BUY,68.86,1,-769.999999999996
2025-06-12 20:00:00,BUY,69.32,1,-759.9999999999909
2025-06-13 03:00:00,BUY,71.85,1,1620.0000000000045
2025-06-16 07:00:00,SELL,71.87,1,-629.9999999999955
2025-06-16 09:00:00,SELL,71.53,1,-640.0000000000006
2025-06-16 10:00:00,SELL,70.05,1,-1799.9999999999973
2025-06-16 13:00:00,SELL,71.88,1,1329.9999999999982
2025-06-17 00:00:00,BUY,72.07,1,130.00000000000966
2025-06-17 22:30:00,BUY,74.78,1,140.00000000000057
2025-06-19 14:00:00,BUY,73.28,1,1799.9999999999973
2025-06-20 00:30:00,SELL,73.97,1,650.0000000000057
2025-06-23 01:00:00,BUY,74.9,1,439.9999999999977
2025-06-23 10:30:00,SELL,73.03,1,-1099.9999999999943
2025-06-24 02:30:00,SELL,64.88,1,-1579.9999999999982
2025-06-26 14:30:00,BUY,65.24,1,630.0000000000097
2025-06-29 22:30:00,SELL,65.13,1,409.9999999999966
2025-06-30 04:30:00,BUY,65.72,1,-459.99999999999375
2025-06-30 07:30:00,BUY,65.21,1,300.00000000001137
2025-07-01 06:00:00,BUY,64.94,1,219.99999999999886
2025-07-01 09:00:00,BUY,65.89,1,-200.00000000000284
2025-07-01 11:00:00,BUY,65.31,1,129.99999999999545
2025-07-02 10:00:00,BUY,65.73,1,469.99999999999886
2025-07-02 17:00:00,BUY,67.53,1,-320.0000000000074
2025-07-02 21:30:00,BUY,66.99,1,390.00000000000057
2025-07-04 04:00:00,SELL,67.0,1,170.0000000000017
2025-07-04 13:00:00,SELL,66.5,1,99.99999999999432
2025-07-06 20:30:00,SELL,65.6,1,-510.0000000000051
2025-07-07 01:00:00,SELL,66.24,1,289.99999999999204
2025-07-07 05:00:00,BUY,66.96,1,-479.99999999998977
2025-07-07 09:30:00,BUY,67.41,1,-450.00000000000284
2025-07-07 13:00:00,BUY,67.72,1,-359.99999999999943
2025-07-08 17:00:00,BUY,68.18,1,169.9999999999875
2025-07-09 08:30:00,BUY,68.4,1,239.99999999999488
2025-07-10 14:00:00,SELL,66.63,1,-500.0
2025-07-13 21:30:00,BUY,68.49,1,90.00000000000341
2025-07-14 06:00:00,BUY,69.37,1,-329.9999999999983
2025-07-14 09:30:00,BUY,68.59,1,670.0000000000017
2025-07-14 20:30:00,SELL,66.8,1,-180.00000000000682
2025-07-15 00:30:00,SELL,66.58,1,-189.99999999999773
2025-07-15 03:30:00,SELL,66.42,1,-200.00000000000284
2025-07-16 00:30:00,BUY,66.77,1,130.00000000000966
2025-07-16 13:00:00,SELL,66.31,1,450.00000000000284
2025-07-17 07:00:00,SELL,66.73,1,219.99999999999886
2025-07-18 02:30:00,BUY,68.0,1,-159.9999999999966
2025-07-18 05:30:00,BUY,68.31,1,-480.000000000004
2025-07-18 08:30:00,BUY,68.88,1,-569.9999999999932
2025-07-18 11:30:00,BUY,67.62,1,819.9999999999932
2025-07-21 02:30:00,SELL,66.05,1,-120.00000000000455
2025-07-21 05:00:00,SELL,65.73,1,-250.0
2025-07-21 07:30:00,SELL,66.04,1,140.00000000000057
2025-07-22 03:00:00,SELL,65.64,1,239.99999999999488
2025-07-23 12:00:00,SELL,65.12,1,180.00000000000682
2025-07-24 05:30:00,BUY,66.08,1,-349.9999999999943
2025-07-24 12:30:00,BUY,65.99,1,30.000000000001137
2025-07-25 01:00:00,BUY,66.16,1,120.00000000000455
2025-07-25 14:00:00,SELL,65.15,1,-259.9999999999909
2025-07-27 20:30:00,SELL,65.34,1,140.00000000000057
2025-07-28 02:30:00,BUY,65.73,1,-219.99999999999886
2025-07-28 04:00:00,BUY,65.35,1,160.0000000000108
2025-07-28 15:00:00,BUY,66.9,1,-410.0000000000108
2025-07-29 04:30:00,SELL,66.89,1,170.0000000000017
2025-07-29 07:00:00,BUY,66.71,1,359.99999999999943
2025-07-29 12:30:00,BUY,67.84,1,-359.99999999999943
2025-07-29 14:00:00,BUY,68.97,1,-1260.000000000005
2025-07-30 01:30:00,BUY,69.18,1,-30.000000000001137
2025-07-30 05:00:00,BUY,68.97,1,420.0000000000017
2025-07-30 08:30:00,SELL,69.21,1,500.0
2025-07-30 21:30:00,BUY,70.11,1,-40.00000000000625
2025-07-31 04:00:00,SELL,70.16,1,170.0000000000017
2025-07-31 10:30:00,SELL,69.78,1,150.00000000000568
2025-07-31 16:30:00,SELL,69.35,1,179.9999999999926
2025-08-03 23:00:00,SELL,67.23,1,-299.99999999999716
2025-08-04 04:30:00,BUY,67.07,1,430.0000000000068
2025-08-04 06:30:00,SELL,66.17,1,-429.9999999999926
2025-08-04 11:00:00,SELL,66.87,1,780.0000000000011
2025-08-05 08:30:00,SELL,65.22,1,-299.99999999999716
2025-08-06 03:30:00,BUY,65.7,1,-200.00000000000284
2025-08-06 04:30:00,BUY,65.97,1,-280.00000000000114
2025-08-06 10:00:00,BUY,66.38,1,-179.9999999999926
2025-08-06 14:30:00,SELL,64.34,1,-959.9999999999937
2025-08-06 21:30:00,SELL,64.91,1,769.999999999996
2025-08-07 04:30:00,BUY,64.45,1,379.99999999999545
2025-08-08 04:00:00,SELL,63.9,1,179.99999999999972
2025-08-11 02:00:00,SELL,63.51,1,189.99999999999773
2025-08-11 11:00:00,BUY,63.71,1,520.0000000000032
2025-08-12 12:00:00,SELL,63.28,1,-269.999999999996
2025-08-13 08:30:00,SELL,63.07,1,219.99999999999886
2025-08-13 15:30:00,SELL,62.71,1,480.000000000004
2025-08-14 03:30:00,BUY,63.06,1,-140.00000000000057
2025-08-14 12:30:00,BUY,63.96,1,-490.000000000002
2025-08-14 21:30:00,BUY,63.84,1,-50.00000000000426
2025-08-15 08:00:00,SELL,63.67,1,219.99999999999886
2025-08-18 04:00:00,BUY,62.67,1,439.9999999999977
2025-08-19 03:30:00,SELL,62.13,1,-210.00000000000085
2025-08-19 07:00:00,SELL,61.89,1,-269.999999999996
2025-08-20 11:00:00,BUY,62.27,1,-30.000000000001137
2025-08-21 08:00:00,BUY,63.1,1,79.9999999999983
2025-08-21 12:00:00,SELL,63.23,1,239.99999999999488
2025-08-25 19:30:00,BUY,64.7,1,79.9999999999983
2025-08-26 03:30:00,SELL,64.32,1,-200.00000000000284
2025-08-26 06:00:00,SELL,63.7,1,-509.9999999999909
2025-08-26 10:30:00,SELL,64.15,1,440.00000000000483
2025-08-27 06:00:00,SELL,63.21,1,9.99999999999801
2025-08-27 19:00:00,BUY,63.78,1,199.99999999999574
2025-08-28 03:30:00,SELL,63.71,1,79.9999999999983
2025-08-28 22:00:00,BUY,64.12,1,140.00000000000057
2025-09-01 02:30:00,SELL,64.12,1,330.0000000000054
2025-09-01 14:00:00,BUY,64.64,1,69.99999999999318
2025-09-02 03:00:00,BUY,65.08,1,-159.9999999999966
2025-09-02 09:00:00,BUY,64.55,1,1200.0000000000027
2025-09-02 12:00:00,SELL,65.42,1,400.0000000000057
2025-09-03 10:30:00,SELL,63.92,1,-519.999999999996
2025-09-03 12:00:00,SELL,64.7,1,710.0000000000009
2025-09-04 01:30:00,SELL,63.48,1,-160.0000000000037
2025-09-04 03:00:00,SELL,63.24,1,-250.0
2025-09-04 07:00:00,SELL,62.96,1,-449.99999999999574
2025-09-05 11:30:00,SELL,61.53,1,-859.9999999999994
2025-09-07 19:00:00,SELL,61.97,1,129.99999999999545
2025-09-08 02:00:00,BUY,62.82,1,-210.00000000000085
2025-09-08 05:30:00,BUY,63.07,1,-270.0000000000031
2025-09-08 09:30:00,BUY,62.78,1,289.99999999999915
2025-09-08 19:00:00,SELL,62.44,1,-50.00000000000426
2025-09-09 01:00:00,BUY,62.72,1,-179.99999999999972
2025-09-09 03:00:00,BUY,62.77,1,-140.00000000000057
2025-09-09 09:30:00,BUY,63.19,1,-280.00000000000114
2025-09-10 01:00:00,BUY,63.28,1,-140.00000000000057
2025-09-10 03:30:00,BUY,63.12,1,109.99999999999943
2025-09-10 21:00:00,BUY,63.72,1,130.00000000000256
2025-09-11 04:30:00,SELL,63.4,1,-179.99999999999972
2025-09-11 19:30:00,SELL,62.19,1,-550.0000000000043
2025-09-12 03:00:00,SELL,61.74,1,-140.00000000000057
2025-09-12 04:00:00,SELL,62.08,1,219.99999999999886
2025-09-12 13:00:00,BUY,62.56,1,759.999999999998
2025-09-15 05:30:00,BUY,62.91,1,120.00000000000455
2025-09-16 07:00:00,SELL,63.32,1,49.99999999999716
2025-09-16 21:00:00,BUY,64.52,1,-39.99999999999204
2025-09-17 07:00:00,SELL,63.96,1,-130.00000000000256
2025-09-17 08:30:00,SELL,64.29,1,310.0000000000094
2025-09-19 02:00:00,SELL,63.26,1,-130.00000000000256
2025-09-19 04:00:00,SELL,63.2,1,-129.99999999999545
2025-09-19 07:30:00,SELL,63.34,1,150.00000000000568
2025-09-21 22:30:00,SELL,62.8,1,259.999999999998
2025-09-22 13:30:00,SELL,62.34,1,410.0000000000037
2025-09-23 04:00:00,SELL,62.24,1,190.00000000000483
2025-09-23 19:00:00,BUY,63.81,1,-350.0000000000014
2025-09-24 11:30:00,BUY,64.63,1,-390.00000000000057
2025-09-24 21:30:00,BUY,64.77,1,90.00000000000341
2025-09-25 07:00:00,SELL,64.79,1,300.00000000001137
2025-09-26 09:00:00,SELL,65.21,1,359.99999999999943
2025-09-26 16:00:00,BUY,65.28,1,609.9999999999994
2025-09-29 00:30:00,SELL,65.3,1,159.9999999999966
2025-09-29 09:30:00,SELL,63.92,1,-549.9999999999972
2025-09-29 22:00:00,SELL,63.19,1,-289.99999999999915
2025-09-30 02:00:00,SELL,63.2,1,100.00000000000142
2025-09-30 08:00:00,SELL,62.3,1,-460.00000000000085
2025-09-30 12:00:00,SELL,62.75,1,479.9999999999969
2025-10-01 09:30:00,SELL,61.57,1,-729.9999999999968
2025-10-02 09:30:00,SELL,61.24,1,-269.999999999996
2025-10-02 21:30:00,SELL,60.71,1,90.00000000000341
2025-10-03 05:00:00,BUY,61.37,1,-369.99999999999744
2025-10-03 06:00:00,BUY,60.83,1,329.9999999999983
2025-10-06 02:30:00,BUY,61.52,1,219.99999999999886
2025-10-07 07:30:00,SELL,61.77,1,230.00000000000398
2025-10-08 03:00:00,BUY,62.39,1,-149.99999999999858
2025-10-09 01:00:00,SELL,62.19,1,140.00000000000057
2025-10-09 03:30:00,BUY,62.74,1,-210.00000000000085
2025-10-09 06:30:00,BUY,62.16,1,360.00000000000654
2025-10-09 21:00:00,SELL,61.66,1,99.99999999999432
2025-10-10 03:00:00,SELL,61.15,1,-190.00000000000483
2025-10-10 06:30:00,SELL,60.74,1,-500.0
2025-10-10 09:00:00,SELL,60.26,1,-539.9999999999991
2025-10-10 11:30:00,SELL,59.33,1,-789.9999999999991
2025-10-10 17:00:00,SELL,58.24,1,-570.0000000000002
2025-10-12 19:30:00,SELL,59.49,1,-100.00000000000142
2025-10-14 12:00:00,SELL,58.53,1,240.000000000002
2025-10-15 11:00:00,BUY,58.66,1,490.000000000002
2025-10-16 22:00:00,SELL,57.11,1,-500.0
2025-10-17 00:30:00,SELL,57.46,1,200.00000000000284
2025-10-20 05:00:00,SELL,56.94,1,159.9999999999966
2025-10-21 10:00:00,BUY,56.41,1,1080.0000000000055
2025-10-21 11:30:00,SELL,57.25,1,460.00000000000085
2025-10-22 07:30:00,BUY,58.46,1,-390.00000000000057
2025-10-22 20:00:00,BUY,60.07,1,-679.9999999999998
2025-10-23 01:00:00,BUY,60.46,1,-500.0
2025-10-23 05:00:00,BUY,61.34,1,-890.0000000000006
2025-10-23 12:00:00,BUY,62.04,1,-449.99999999999574
2025-10-24 03:30:00,SELL,61.6,1,280.00000000000114
2025-10-24 13:00:00,BUY,61.91,1,210.00000000000085
2025-10-27 08:00:00,SELL,61.45,1,440.00000000000483
2025-10-28 11:00:00,SELL,60.0,1,-420.0000000000017
2025-10-29 06:00:00,SELL,60.18,1,439.9999999999977
2025-10-29 15:30:00,BUY,60.43,1,410.0000000000037
2025-10-31 01:30:00,SELL,60.07,1,-60.000000000002274
2025-11-02 18:30:00,BUY,61.38,1,-750.0
2025-11-03 06:00:00,SELL,61.2,1,330.0000000000054
2025-11-04 02:30:00,SELL,60.71,1,-159.9999999999966
2025-11-04 09:00:00,SELL,60.0,1,-270.0000000000031
2025-11-04 23:00:00,SELL,60.48,1,269.999999999996
2025-11-05 05:00:00,BUY,60.88,1,-260.0000000000051
2025-11-05 07:00:00,BUY,60.53,1,179.99999999999972
2025-11-05 22:00:00,SELL,59.74,1,149.99999999999858
2025-11-06 04:00:00,BUY,60.33,1,-460.00000000000085
2025-11-06 07:00:00,BUY,59.92,1,210.00000000000085
2025-11-06 15:30:00,SELL,59.58,1,219.99999999999886
2025-11-07 05:00:00,BUY,60.32,1,-240.000000000002
2025-11-07 08:00:00,BUY,59.95,1,279.99999999999403
2025-11-10 00:30:00,BUY,60.32,1,-240.000000000002
2025-11-10 04:00:00,BUY,60.1,1,179.99999999999972
2025-11-10 13:00:00,SELL,59.98,1,429.9999999999997
2025-11-11 08:30:00,BUY,60.66,1,-349.9999999999943
2025-11-11 19:30:00,BUY,60.97,1,20.000000000003126
2025-11-12 07:00:00,SELL,60.34,1,-279.99999999999403
2025-11-12 08:30:00,SELL,60.23,1,-190.00000000000483
2025-11-12 23:00:00,SELL,58.49,1,219.99999999999886
2025-11-13 13:30:00,BUY,58.8,1,210.00000000000085
2025-11-14 03:30:00,BUY,59.43,1,200.00000000000284
2025-11-14 07:00:00,BUY,59.56,1,669.9999999999945
2025-11-17 03:00:00,SELL,59.61,1,49.99999999999716
2025-11-17 08:30:00,BUY,60.32,1,-390.00000000000057
2025-11-17 13:30:00,BUY,59.94,1,330.0000000000054
2025-11-17 23:30:00,SELL,59.47,1,-120.00000000000455
2025-11-18 02:00:00,SELL,59.4,1,-100.00000000000142
2025-11-18 10:00:00,BUY,59.57,1,289.99999999999915
2025-11-18 20:30:00,BUY,60.38,1,409.9999999999966
2025-11-19 07:00:00,SELL,59.5,1,-630.0000000000025
2025-11-19 15:30:00,SELL,59.24,1,90.00000000000341
2025-11-20 01:00:00,BUY,59.4,1,79.9999999999983
2025-11-25 18:30:00,SELL,58.07,1,-1000.0
2025-11-26 03:00:00,SELL,57.87,1,-300.00000000000426
2025-11-26 10:30:00,SELL,58.03,1,60.000000000002274
2025-11-26 21:00:00,BUY,58.33,1,280.00000000000114
2025-11-27 06:00:00,BUY,58.84,1,-140.00000000000057
2025-11-27 13:00:00,BUY,59.06,1,-200.00000000000284
2025-11-28 10:30:00,SELL,59.15,1,-70.00000000000028
2025-11-28 14:00:00,BUY,59.03,1,399.9999999999986
2025-11-30 18:30:00,SELL,59.45,1,970.0000000000059
2025-12-01 05:30:00,BUY,59.57,1,70.00000000000028
2025-12-01 14:00:00,SELL,59.38,1,320.0000000000003
2025-12-02 11:00:00,SELL,59.22,1,-30.000000000001137
2025-12-03 12:00:00,BUY,58.96,1,409.9999999999966
2025-12-04 02:00:00,BUY,59.41,1,-199.99999999999574
2025-12-04 03:30:00,BUY,59.15,1,170.0000000000017
2025-12-04 20:30:00,BUY,59.64,1,200.00000000000284
2025-12-05 02:30:00,SELL,59.62,1,109.99999999999943
2025-12-07 20:00:00,BUY,60.05,1,60.000000000002274
2025-12-08 09:30:00,SELL,59.19,1,-289.99999999999915
2025-12-08 13:30:00,SELL,58.88,1,-449.99999999999574
2025-12-09 08:30:00,BUY,58.77,1,250.0
2025-12-09 19:30:00,SELL,58.39,1,149.99999999999858
2025-12-10 14:00:00,SELL,58.35,1,530.0000000000011
2025-12-10 22:30:00,BUY,58.45,1,349.9999999999943
2025-12-11 09:30:00,SELL,57.25,1,-490.000000000002
2025-12-11 14:30:00,SELL,57.61,1,250.0
2025-12-12 02:00:00,BUY,57.92,1,89.9999999999963
2025-12-12 10:30:00,SELL,57.25,1,-240.000000000002
2025-12-15 09:00:00,SELL,57.07,1,-250.0
2025-12-15 10:30:00,SELL,56.87,1,-270.0000000000031
2025-12-15 13:30:00,SELL,56.44,1,-190.00000000000483
2025-12-16 02:00:00,SELL,56.56,1,39.99999999999915
2025-12-16 09:00:00,SELL,55.69,1,-230.00000000000398
2025-12-16 16:00:00,SELL,55.17,1,-359.99999999999943
2025-12-17 01:00:00,BUY,56.1,1,-359.99999999999943
2025-12-17 08:00:00,BUY,56.22,1,100.00000000000142
2025-12-17 21:30:00,BUY,56.06,1,750.0
2025-12-18 06:00:00,SELL,55.82,1,-229.99999999999687
2025-12-18 08:30:00,SELL,56.14,1,259.999999999998
2025-12-19 14:00:00,BUY,56.65,1,-329.9999999999983
2025-12-22 01:00:00,BUY,57.15,1,-219.99999999999886
2025-12-22 04:30:00,BUY,56.93,1,160.0000000000037
2025-12-22 18:30:00,BUY,57.84,1,-60.000000000002274
2025-12-23 23:30:00,BUY,58.24,1,269.999999999996
